Designator,Footprint,Quantity,Value,LCSC Part #
"_5, _4, _3, _2, ",,5,,
"D1, D10, D11, D12, D13, D14, D15, D16, D17, D18, D19, D2, D20, D21, D22, D23, D24, D25, D26, D27, D3, D4, D5, D6, D7, D8, D9",Diode_SOD-123,27,Diode,
J1,JST_EH_S2B-EH_1x02_P2.50mm_Horizontal,1,JST_02,
"J2, J3",JST_EH_B6B-EH-A_1x06_P2.50mm_Vertical,2,JST_06,
"S1, S10, S11, S12, S13, S14, S15, S16, S17, S18, S19, S2, S20, S26, S27, S3, S4, S5, S6, S7, S8, S9",Hotswap_Choc_V1,22,Keyswitch,
S21,SW_JS5208,1,JS5208,
SW1,Panasonic_EVQPUJ_EVQPUA,1,Switch,
SW2,SW_SPDT_PCM12,1,SW_SPST,
U1,Nice_Nano_V2,1,Nice_Nano_V2,
