Designator,Mid X,Mid Y,Rotation,Layer
_5,142.9325,-110.5475,0.0,top
_4,77.9425,-93.0575,0.0,top
_3,113.8525,-86.8275,0.0,top
_2,132.0225,-49.9975,0.0,top
,95.9925,-54.8875,0.0,top
D1,74.8125,-54.9875,90.0,bottom
D10,146.8125,-71.9875,90.0,bottom
D11,74.8125,-88.9875,90.0,bottom
D12,92.8125,-84.7375,90.0,bottom
D13,110.8125,-82.6125,90.0,bottom
D14,128.8125,-84.7375,90.0,bottom
D15,146.8125,-88.9875,90.0,bottom
D16,74.8125,-105.9875,90.0,bottom
D17,92.8125,-101.7375,90.0,bottom
D18,110.8125,-99.6125,90.0,bottom
D19,128.8125,-101.7375,90.0,bottom
D2,92.8125,-50.7375,90.0,bottom
D20,146.8125,-105.9875,90.0,bottom
D21,153.9725,-113.0675,0.0,bottom
D22,154.0825,-117.0275,0.0,bottom
D23,154.0825,-120.9775,0.0,bottom
D24,154.0125,-124.9775,0.0,bottom
D25,143.1525,-125.0075,90.0,bottom
D26,119.181072,-122.386902,112.5,bottom
D27,139.101563,-124.680177,101.25,bottom
D3,110.8125,-48.6125,90.0,bottom
D4,128.8125,-50.7375,90.0,bottom
D5,146.8125,-54.9875,90.0,bottom
D6,74.8125,-71.9875,90.0,bottom
D7,92.8125,-67.7375,90.0,bottom
D8,110.8125,-65.6125,90.0,bottom
D9,128.8125,-67.7375,90.0,bottom
J1,101.4225,-109.7675,90.4,bottom
J2,175.6725,-125.8575,0.0,bottom
J3,148.4825,-119.0075,270.0,bottom
S1,69.0625,-49.9875,0.0,top
S10,141.0625,-66.9875,0.0,top
S11,69.0625,-83.9875,0.0,top
S12,87.0625,-79.7375,0.0,top
S13,105.0625,-77.6125,0.0,top
S14,123.0625,-79.7375,0.0,top
S15,141.0625,-83.9875,0.0,top
S16,69.0625,-100.9875,0.0,top
S17,87.0625,-96.7375,0.0,top
S18,105.0625,-94.6125,0.0,top
S19,123.0625,-96.7375,0.0,top
S2,87.0625,-45.7375,0.0,top
S20,141.0625,-100.9875,0.0,top
S21,175.6025,-117.6175,0.0,top
S26,115.782181,-115.567074,337.5,top
S27,134.4375,-118.654481,348.75,top
S3,105.0625,-43.6125,0.0,top
S4,123.0625,-45.7375,0.0,top
S5,141.0625,-49.9875,0.0,top
S6,69.0625,-66.9875,0.0,top
S7,87.0625,-62.7375,0.0,top
S8,105.0625,-60.6125,0.0,top
S9,123.0625,-62.7375,0.0,top
SW1,69.1875,-139.9875,180.0,top
SW2,78.466231,-139.9875,0.15,top
U1,76.3425,-122.7675,90.0,top
